### select文を使う

テーブル情報

```
mysql> select * from users;
+----+------------+---------------------------+--------+-------+---------------------+
| id | name       | email                     | team   | score | created             |
+----+------------+---------------------------+--------+-------+---------------------+
|  1 | taguchi    | taguchi@hogehoge.com      | blue   |   5.5 | 2012-05-11 11:00:00 |
|  2 | fkoji      | fkoji@hogehoge.com        | yellow |   8.2 | 2012-06-21 12:00:00 |
|  3 | hogehoge   | hogehoge@hogehoge.com     | red    |   2.3 | 2012-06-21 13:00:00 |
|  4 | sasaki     | sasaki@hogehoge.jp        | blue   |   4.5 | 2012-06-25 14:00:00 |
|  5 | kimura     |                           | yellow |   7.4 | 2012-06-28 15:00:00 |
|  6 | tanaka     | tanaka@hogehoge.jp        | blue   |   4.2 | 2012-06-29 16:00:00 |
+----+------------+---------------------------+--------+-------+---------------------+
6 rows in set (0.00 sec)
```


`name`と`email`のフィールドだけ抽出。

```
mysql> select name,email from users;
+------------+---------------------------+
| name       | email                     |
+------------+---------------------------+
| taguchi    | taguchi@hogehoge.com      |
| fkoji      | fkoji@hogehoge.com        |
| hogehoge   | hogehoge@hogehoge.com     |
| sasaki     | sasaki@hogehoge.jp        |
| kimura     |                           |
| tanaka     | tanaka@hogehoge.jp        |
+------------+---------------------------+
6 rows in set (0.00 sec)
```


フィールドが多すぎる場合などは以下のように`\G`を使うことで縦に表示させて見やすくする。

```
mysql> select * from users \G
*************************** 1. row ***************************
     id: 1
   name: taguchi
  email: taguchi@hogehoge.com
   team: blue
  score: 5.5
created: 2012-05-11 11:00:00
*************************** 2. row ***************************
     id: 2
   name: fkoji
  email: fkoji@hogehoge.com
   team: yellow
  score: 8.2
created: 2012-06-21 12:00:00
*************************** 3. row ***************************
     id: 3
   name: hogehoge
  email: hogehoge@hogehoge.com
   team: red
  score: 2.3
created: 2012-06-21 13:00:00
*************************** 4. row ***************************
     id: 4
   name: sasaki
  email: sasaki@hogehoge.jp
   team: blue
  score: 4.5
created: 2012-06-25 14:00:00
*************************** 5. row ***************************
     id: 5
   name: kimura
  email:
   team: yellow
  score: 7.4
created: 2012-06-28 15:00:00
*************************** 6. row ***************************
     id: 6
   name: tanaka
  email: tanaka@hogehoge.jp
   team: blue
  score: 4.2
created: 2012-06-29 16:00:00
6 rows in set (0.00 sec)

mysql>
```
