## 概要
数値に関する関数とか

## いろいろ


### データ一覧

```
mysql> select * from users;
+----+------------+-------------------------+--------+-------+---------------------+
| id | name       | email                   | team   | score | created             |
+----+------------+-------------------------+--------+-------+---------------------+
|  1 | taguchi    | taguchi@hogehoge.com    | blue   |   5.5 | 2012-05-11 11:00:00 |
|  2 | fkoji      | fkoji@hogehoge.com      | yellow |   8.2 | 2012-06-21 12:00:00 |
|  3 | dotinstall | dotinstall@hogehoge.com | red    |   2.3 | 2012-06-21 13:00:00 |
|  4 | sasaki     | sasaki@hogehoge.jp      | blue   |   4.5 | 2012-06-25 14:00:00 |
|  5 | kimura     |                         | yellow |   7.4 | 2012-06-28 15:00:00 |
|  6 | tanaka     | tanaka@hogehoge.jp      | blue   |   4.2 | 2012-06-29 16:00:00 |
+----+------------+-------------------------+--------+-------+---------------------+
6 rows in set (0.04 sec)
```

### count(*)
テーブルの行の数を数える

```
mysql> select distinct team from users;
+--------+
| team   |
+--------+
| blue   |
| yellow |
| red    |
+--------+
3 rows in set (0.01 sec)
```


### distinct
任意のフイールドにおいてユニークなデータを表示する。

```
mysql> select distinct team from users;
+--------+
| team   |
+--------+
| blue   |
| yellow |
| red    |
+--------+
3 rows in set (0.01 sec)
```


### max(), min(), avg()
数値の最大値、最小値、平均値を求める。今回は`score`フィールドを対象とする。

```
mysql> select max(score) from users;
+------------+
| max(score) |
+------------+
|        8.2 |
+------------+
1 row in set (0.00 sec)

mysql> select min(score) from users;
+------------+
| min(score) |
+------------+
|        2.3 |
+------------+
1 row in set (0.00 sec)

mysql> select avg(score) from users;
+--------------------+
| avg(score)         |
+--------------------+
| 5.3500000000000005 |
+--------------------+
1 row in set (0.00 sec)
```

### sum()
合計値を出す。

```
mysql> select sum(score) from users;
+------------+
| sum(score) |
+------------+
|       32.1 |
+------------+
1 row in set (0.00 sec)
```


### group by
指定したフィールドのデータ毎に出す。

以下は`team`フィールドのチーム名毎に平均点を出した場合。見づらいので`select`時に`team`も引っ張ってきている。

```
mysql> select team,avg(score) from users group by team;
+--------+-------------------+
| team   | avg(score)        |
+--------+-------------------+
| blue   | 4.733333333333333 |
| red    |               2.3 |
| yellow |               7.8 |
+--------+-------------------+
3 rows in set (0.02 sec)
```

## rand()

0-1までの数値をランダムに出す

```
mysql> select rand();
+--------------------+
| rand()             |
+--------------------+
| 0.6736800555825979 |
+--------------------+
1 row in set (0.03 sec)
```

ランダムに1行を抽選するにはこんな風にも書ける

```
mysql> select * from users order by rand() limit 1;
+----+--------+--------------------+------+-------+---------------------+
| id | name   | email              | team | score | created             |
+----+--------+--------------------+------+-------+---------------------+
|  4 | sasaki | sasaki@hogehoge.jp | blue |   4.5 | 2012-06-25 14:00:00 |
+----+--------+--------------------+------+-------+---------------------+
1 row in set (0.00 sec)
```

これがわかりずらい人は以下のように考えればいいとのこと。

```
mysql> select *,rand() as r from users order by r;
+----+------------+-------------------------+--------+-------+---------------------+---------------------+
| id | name       | email                   | team   | score | created             | r                   |
+----+------------+-------------------------+--------+-------+---------------------+---------------------+
|  1 | taguchi    | taguchi@hogehoge.com    | blue   |   5.5 | 2012-05-11 11:00:00 | 0.13109550078501506 |
|  4 | sasaki     | sasaki@hogehoge.jp      | blue   |   4.5 | 2012-06-25 14:00:00 | 0.15997740827498716 |
|  3 | dotinstall | dotinstall@hogehoge.com | red    |   2.3 | 2012-06-21 13:00:00 |  0.1808975592077687 |
|  5 | kimura     |                         | yellow |   7.4 | 2012-06-28 15:00:00 |  0.2571943944852747 |
|  6 | tanaka     | tanaka@hogehoge.jp      | blue   |   4.2 | 2012-06-29 16:00:00 |   0.806039778335057 |
|  2 | fkoji      | fkoji@hogehoge.com      | yellow |   8.2 | 2012-06-21 12:00:00 |  0.9148368061658337 |
+----+------------+-------------------------+--------+-------+---------------------+---------------------+
6 rows in set (0.01 sec)
```


## 参考URL

http://www.programming-magic.com/20080107233125/
