## 概要
文字列と日付に関わる関数

## いろいろ


### データ一覧

```
mysql> select * from users;
+----+------------+-------------------------+--------+-------+---------------------+
| id | name       | email                   | team   | score | created             |
+----+------------+-------------------------+--------+-------+---------------------+
|  1 | taguchi    | taguchi@hogehoge.com    | blue   |   5.5 | 2012-05-11 11:00:00 |
|  2 | fkoji      | fkoji@hogehoge.com      | yellow |   8.2 | 2012-06-21 12:00:00 |
|  3 | dotinstall | dotinstall@hogehoge.com | red    |   2.3 | 2012-06-21 13:00:00 |
|  4 | sasaki     | sasaki@hogehoge.jp      | blue   |   4.5 | 2012-06-25 14:00:00 |
|  5 | kimura     |                         | yellow |   7.4 | 2012-06-28 15:00:00 |
|  6 | tanaka     | tanaka@hogehoge.jp      | blue   |   4.2 | 2012-06-29 16:00:00 |
+----+------------+-------------------------+--------+-------+---------------------+
6 rows in set (0.04 sec)
```

### concat()
文字列連結

```
mysql> select concat(name,'(',team,')') from users;
+---------------------------+
| concat(name,'(',team,')') |
+---------------------------+
| taguchi(blue)             |
| fkoji(yellow)             |
| dotinstall(red)           |
| sasaki(blue)              |
| kimura(yellow)            |
| tanaka(blue)              |
+---------------------------+
6 rows in set (0.00 sec)
```

見づらい時はその関数を`as`で名前をつける。

```
mysql> select concat(name,'(',team,')') as label from users;
+-----------------+
| label           |
+-----------------+
| taguchi(blue)   |
| fkoji(yellow)   |
| dotinstall(red) |
| sasaki(blue)    |
| kimura(yellow)  |
| tanaka(blue)    |
+-----------------+
6 rows in set (0.00 sec)
```



### substring()
文字列を切り取る。`team`の1文字目だけを抜く。

```
mysql> select name,substring(team,1,1) from users;
+------------+---------------------+
| name       | substring(team,1,1) |
+------------+---------------------+
| taguchi    | b                   |
| fkoji      | y                   |
| dotinstall | r                   |
| sasaki     | b                   |
| kimura     | y                   |
| tanaka     | b                   |
+------------+---------------------+
6 rows in set (0.01 sec)
```


### now()
現在の時刻を表示する

```
mysql> select now();
+---------------------+
| now()               |
+---------------------+
| 2015-01-15 10:07:52 |
+---------------------+
1 row in set (0.00 sec)
```

### month()
月だけ抜き取る

```
mysql> select name,month(created) from users;
+------------+----------------+
| name       | month(created) |
+------------+----------------+
| taguchi    |              5 |
| fkoji      |              6 |
| dotinstall |              6 |
| sasaki     |              6 |
| kimura     |              6 |
| tanaka     |              6 |
+------------+----------------+
6 rows in set (0.00 sec)
```


### datediff
指定のフィールドのデータが現在から何日前か

```
mysql> select name, datediff(now(),created) from users;
+------------+-------------------------+
| name       | datediff(now(),created) |
+------------+-------------------------+
| taguchi    |                     979 |
| fkoji      |                     938 |
| dotinstall |                     938 |
| sasaki     |                     934 |
| kimura     |                     931 |
| tanaka     |                     930 |
+------------+-------------------------+
6 rows in set (0.00 sec)
```
