## 概要
MySQLにおけるレコードの更新と作業

## 例
テーブルの内容

```
mysql> select * from users;
+----+------------+-------------------------+--------+-------+---------------------+
| id | name       | email                   | team   | score | created             |
+----+------------+-------------------------+--------+-------+---------------------+
|  1 | taguchi    | taguchi@hogehoge.com    | blue   |   5.5 | 2012-05-11 11:00:00 |
|  2 | fkoji      | fkoji@hogehoge.com      | yellow |   8.2 | 2012-06-21 12:00:00 |
|  3 | dotinstall | dotinstall@hogehoge.com | red    |   2.3 | 2012-06-21 13:00:00 |
|  4 | sasaki     | sasaki@hogehoge.jp      | blue   |   4.5 | 2012-06-25 14:00:00 |
|  5 | kimura     |                         | yellow |   7.4 | 2012-06-28 15:00:00 |
|  6 | tanaka     | tanaka@hogehoge.jp      | blue   |   4.2 | 2012-06-29 16:00:00 |
+----+------------+-------------------------+--------+-------+---------------------+
6 rows in set (0.00 sec)
```

### update
レコードの更新: idが5のレコードのemailフィールドにkimura@hogehoge.jpを追加する。

```
mysql> update users set email = 'kimura@hogehoge.jp' where id = 5;
Query OK, 1 row affected (0.04 sec)
Rows matched: 1  Changed: 1  Warnings: 0
```

結果

```
mysql> select * from users;
+----+------------+-------------------------+--------+-------+---------------------+
| id | name       | email                   | team   | score | created             |
+----+------------+-------------------------+--------+-------+---------------------+
|  1 | taguchi    | taguchi@hogehoge.com    | blue   |   5.5 | 2012-05-11 11:00:00 |
|  2 | fkoji      | fkoji@hogehoge.com      | yellow |   8.2 | 2012-06-21 12:00:00 |
|  3 | dotinstall | dotinstall@hogehoge.com | red    |   2.3 | 2012-06-21 13:00:00 |
|  4 | sasaki     | sasaki@hogehoge.jp      | blue   |   4.5 | 2012-06-25 14:00:00 |
|  5 | kimura     | kimura@hogehoge.jp      | yellow |   7.4 | 2012-06-28 15:00:00 |
|  6 | tanaka     | tanaka@hogehoge.jp      | blue   |   4.2 | 2012-06-29 16:00:00 |
+----+------------+-------------------------+--------+-------+---------------------+
6 rows in set (0.00 sec)
```


### delete
レコードの削除: scoreが3.0以下のレコードを削除する

```
mysql> delete from users where score <= 3.0;
Query OK, 1 row affected (0.01 sec)
```

結果

```
mysql> select * from users;
+----+---------+----------------------+--------+-------+---------------------+
| id | name    | email                | team   | score | created             |
+----+---------+----------------------+--------+-------+---------------------+
|  1 | taguchi | taguchi@hogehoge.com | blue   |   5.5 | 2012-05-11 11:00:00 |
|  2 | fkoji   | fkoji@hogehoge.com   | yellow |   8.2 | 2012-06-21 12:00:00 |
|  4 | sasaki  | sasaki@hogehoge.jp   | blue   |   4.5 | 2012-06-25 14:00:00 |
|  5 | kimura  | kimura@hogehoge.jp   | yellow |   7.4 | 2012-06-28 15:00:00 |
|  6 | tanaka  | tanaka@hogehoge.jp   | blue   |   4.2 | 2012-06-29 16:00:00 |
+----+---------+----------------------+--------+-------+---------------------+
5 rows in set (0.00 sec)
```
