## 概要
複数のテーブルをまたいでデータを抽出する。テーブル内の任意のフィールドを引っ張りたい時は以下のように指定する。

**テーブル名.フィールド名**


### データ

```
mysql> select * from users;
+----+----------+-----------------------+--------+-------+---------------------+
| id | name     | email                 | team   | score | created             |
+----+----------+-----------------------+--------+-------+---------------------+
|  1 | taguchi  | taguchi@hogehoge.com  | blue   |   5.5 | 2012-05-11 11:00:00 |
|  2 | fkoji    | fkoji@hogehoge.com    | yellow |   8.2 | 2012-06-21 12:00:00 |
|  3 | hogehoge | hogehoge@hogehoge.com | red    |   2.3 | 2012-06-21 13:00:00 |
+----+----------+-----------------------+--------+-------+---------------------+
3 rows in set (0.00 sec)

mysql> select * from posts;
+----+---------+---------------------+--------+---------------------+
| id | user_id | title               | body   | created             |
+----+---------+---------------------+--------+---------------------+
|  1 |       1 | title-1 by taguchi  | body-1 | 2012-05-11 14:00:00 |
|  2 |       1 | title-2 by taguchi  | body-2 | 2012-05-11 12:00:00 |
|  3 |       2 | title-3 by fkoji    | body-3 | 2012-05-11 13:00:00 |
|  4 |       3 | title-4 by hogehoge | body-4 | 2012-05-11 10:00:00 |
|  5 |       3 | title-5 by hogehoge | body-5 | 2012-05-11 09:00:00 |
+----+---------+---------------------+--------+---------------------+
5 rows in set (0.00 sec)
```

### usersテーブルのnameとpostsテーブルのtitleをひっぱりそれをid=user=idでひもづける

```
mysql> select users.name,posts.title from users,posts where users.id=posts.user_id;
+----------+---------------------+
| name     | title               |
+----------+---------------------+
| taguchi  | title-1 by taguchi  |
| taguchi  | title-2 by taguchi  |
| fkoji    | title-3 by fkoji    |
| hogehoge | title-4 by hogehoge |
| hogehoge | title-5 by hogehoge |
+----------+---------------------+
5 rows in set (0.00 sec)
```

紐付けはwhereの後にフィールド=フィールドで行われる。

で、これとかってもちろんorder byとか使える。試しにcreatedでソートするとこんな感じ。

```
mysql> select users.name,posts.title,posts.created from users,posts where users.id=posts.user_id order by posts.created desc;
+----------+---------------------+---------------------+
| name     | title               | created             |
+----------+---------------------+---------------------+
| taguchi  | title-1 by taguchi  | 2012-05-11 14:00:00 |
| fkoji    | title-3 by fkoji    | 2012-05-11 13:00:00 |
| taguchi  | title-2 by taguchi  | 2012-05-11 12:00:00 |
| hogehoge | title-4 by hogehoge | 2012-05-11 10:00:00 |
| hogehoge | title-5 by hogehoge | 2012-05-11 09:00:00 |
+----------+---------------------+---------------------+
5 rows in set (0.00 sec)
```


